Census year,Block ID,Property ID,Base property ID,Street address,CLUE small area,Trading name,Number of patrons,Location
2017,54,109954,109954,15-19 Warburton Lane,Melbourne (CBD),Murmur,50,"(-37.81381239, 144.9618462)"
2017,801,559161,559161,3-7 Riverside Quay,Southbank,Belgian Beer Cafe Melbourne,638,"(-37.82166549, 144.9645668)"
2017,66,109392,109392,248-258 Swanston Street,Melbourne (CBD),Rooftop Cinema & Bar,200,"(-37.81199559, 144.9652504)"
2017,33,105936,105936,433 Little Collins Street,Melbourne (CBD),Dikstein's Corner Bar,145,"(-37.81631094, 144.9603413)"
2017,804,110988,110988,29-65 South Wharf Promenade,Southbank,Munich Brau Haus,"1,100","(-37.82409303, 144.9503336)"
2017,753,110606,110380,3 Southgate Avenue,Southbank,P J O'Briens Irish Pub & Side Bar,549,"(-37.82066923, 144.9662623)"
2017,66,635138,635138,13 Heffernan Lane,Melbourne (CBD),Union Electric,72,"(-37.81180178, 144.9665913)"
2017,1103,558180,558180,122-148 Harbour Esplanade,Docklands,The Medallion Club,"5,000","(-37.81656591, 144.9475776)"
2017,1101,108973,108973,85-161 Spencer Street,Docklands,Network Public Bar & Pizzeria,325,"(-37.81815358, 144.9523393)"
2017,85,105746,105746,183-265 La Trobe Street,Melbourne (CBD),Hush Bar @ Melbourne Central,200,"(-37.81073331, 144.9630189)"
2017,904,556742,556742,419-443 Royal Parade,Parkville,Vibe Hotel,69,"(-37.78289944, 144.958804)"
2017,85,105746,105746,183-265 La Trobe Street,Melbourne (CBD),Strike Melbourne Central,760,"(-37.81073331, 144.9630189)"
2017,43,108068,108068,111-129 Queen Street,Melbourne (CBD),CQ Bar,100,"(-37.81581152, 144.9606367)"
2017,56,101202,101202,206-218 Bourke Street,Melbourne (CBD),Xiang Club,150,"(-37.81259409, 144.9668768)"
2017,27,597183,102071,121-131 Collins Street,Melbourne (CBD),Spice Market,800,"(-37.81516811, 144.9698467)"
2017,1109,560004,560004,24-42 Newquay Promenade,Docklands,Vacant,321,"(-37.81434525, 144.942139)"
2017,369,103507,103507,86-90 Errol Street,North Melbourne,The Courthouse Hotel,50,"(-37.80287733, 144.9499557)"
2017,57,101216,101216,21-25 Croft Alley,Melbourne (CBD),The Croft Institute,250,"(-37.81206249, 144.9690881)"
2017,14,103946,103946,313-315 Flinders Lane,Melbourne (CBD),Randy Dragon,100,"(-37.81763918, 144.9638507)"
2017,48,105968,105968,62-66 Little Collins Street,Melbourne (CBD),Magic Mountain Saloon,285,"(-37.81280958, 144.971442)"
2017,1110,593739,593739,99-127 Pearl River Road,Docklands,Igloo Cafe & St Moritz Bar,100,"(-37.81223232, 144.9356321)"
2017,64,105704,105704,377-381 Lonsdale Street,Melbourne (CBD),Trapt Bar & Escape Rooms,331,"(-37.81291055, 144.9614648)"
2017,71,105318,105318,277-287 King Street,Melbourne (CBD),Hotel Sophia,116,"(-37.81367535, 144.9541999)"
2017,355,105636,105636,46-50 Leveson Street,North Melbourne,The Leveson,400,"(-37.80370014, 144.9514591)"
2017,803,111175,110477,8 Whiteman Street,Southbank,Jackpot Bar,80,"(-37.82312164, 144.9586604)"
2017,260,103276,103276,614-616 Elizabeth Street,Carlton,The Last Jar,250,"(-37.80389369, 144.9589387)"
2017,56,101207,101207,184-186 Bourke Street,Melbourne (CBD),Stars KTV and Lounge,204,"(-37.81267583, 144.9676888)"
2017,1103,558180,558180,122-148 Harbour Esplanade,Docklands,Captains Bar,80,"(-37.81656591, 144.9475776)"
2017,55,109284,109284,191-205 Swanston Street,Melbourne (CBD),Black Opal,200,"(-37.81309229, 144.9649993)"
2017,804,110988,110988,29-65 South Wharf Promenade,Southbank,Plus 5,90,"(-37.82409303, 144.9503336)"
2017,801,110326,110326,4 Riverside Quay,Southbank,Soho Restaurant & Bar,200,"(-37.82092509, 144.9633758)"
2017,46,109413,109413,146 Swanston Street,Melbourne (CBD),Cabinet Bar,90,"(-37.81417648, 144.9662039)"
2017,710,108617,108617,375-385 St Kilda Road,Melbourne (Remainder),Royce Hotel,120,"(-37.83506751, 144.9755139)"
2017,84,103207,103207,315-321 Elizabeth Street,Melbourne (CBD),The Meeting Place,250,"(-37.81124935, 144.9614724)"
2017,54,104653,104653,21-25 Hardware Lane,Melbourne (CBD),Campari House,326,"(-37.81409153, 144.9613142)"
2017,33,105933,105933,425-427 Little Collins Street,Melbourne (CBD),The Irish Times,170,"(-37.8162542, 144.9605354)"
2017,48,503031,503031,19-23 Meyers Place,Melbourne (CBD),Loop Project Space & Bar,152,"(-37.8121518, 144.9721078)"
2017,21,606461,606461,607-623 Collins Street,Melbourne (CBD),Batman's Hill On Collins Hotel,"1,500","(-37.81929312, 144.95469)"
2017,376,508976,110862,42 Courtney Street,North Melbourne,Metropolitan Hotel,100,"(-37.80139544, 144.9540178)"
2017,16,108532,108532,27-37 Russell Street,Melbourne (CBD),Whiskey Den,40,"(-37.81598754, 144.9692478)"
2017,67,105675,105675,113 Lonsdale Street,Melbourne (CBD),Seamstress,160,"(-37.81056538, 144.9690111)"
2017,78,110721,580091,33-39 Little Lonsdale Street,Melbourne (CBD),The Fringe,400,"(-37.8091842, 144.9707325)"
2017,6,578321,573333,2 Swanston Street,Melbourne (CBD),Beer De Luxe,"1,000","(-37.81784465, 144.9699175)"
2017,46,101130,101130,193-199 Bourke Street,Melbourne (CBD),The Carlton Hotel,366,"(-37.81320485, 144.9676452)"
2017,58,101230,101230,54-62 Bourke Street,Melbourne (CBD),Romeo Lane,25,"(-37.81156933, 144.9713808)"
2017,214,106186,106186,414-422 Lygon Street,Carlton,Astor Hotel,120,"(-37.79694555, 144.9678126)"
2017,76,589841,105749,221 Little Lonsdale Street,Melbourne (CBD),Father's Office,370,"(-37.810658, 144.9657034)"
2017,12,105401,105401,14-20 King Street,Melbourne (CBD),Tramp Bar,200,"(-37.81977635, 144.9577148)"
2017,57,101221,101221,94-96 Bourke Street,Melbourne (CBD),The Elephant and Wheelbarrow,450,"(-37.81191058, 144.9702485)"
2017,46,108536,108536,115-127 Russell Street,Melbourne (CBD),Portland Hotel,414,"(-37.81367486, 144.9681892)"
2017,18,108977,108977,25-31 Spring Street,Melbourne (CBD),HiHou,80,"(-37.81454561, 144.9741019)"
2017,17,574438,574438,84-94 Flinders Street,Melbourne (CBD),Eau-De-Vie,150,"(-37.81587662, 144.9716757)"
2017,65,109292,109292,243-249 Swanston Street,Melbourne (CBD),The Lounge,212,"(-37.81230108, 144.9647365)"
2017,35,109271,109271,125-133 Swanston Street,Melbourne (CBD),Max Watt's,800,"(-37.81472467, 144.9658102)"
2017,58,105828,105828,19-25 Little Bourke Street,Melbourne (CBD),Mrs Parma's,300,"(-37.81074304, 144.9719903)"
2017,12,105399,105399,26-32 King Street,Melbourne (CBD),Clique Bar,222,"(-37.81952934, 144.957466)"
2017,441,108856,108856,475-477 Spencer Street,West Melbourne (Residential),Hotel Spencer Bar & Dining Room,150,"(-37.80956913, 144.9492503)"
2017,270,579293,104468,230 Grattan Street,Parkville,University House Club,611,"(-37.79739836, 144.9612468)"
2017,803,111175,110477,8 Whiteman Street,Southbank,Lagerfield Bar & Beer Garden,650,"(-37.82312164, 144.9586604)"
2017,48,101116,101116,79-85 Bourke Street,Melbourne (CBD),Good Heavens,400,"(-37.81217956, 144.9710404)"
2017,45,105960,105960,318-322 Little Collins Street,Melbourne (CBD),New Guernica,380,"(-37.81488174, 144.9640121)"
2017,15,103944,103944,277-279 Flinders Lane,Melbourne (CBD),The Mill House Bar,400,"(-37.81724201, 144.9652979)"
2017,730,110401,110401,334-342 City Road,Southbank,Urban Central Accomodation / bar334,334,"(-37.82783816, 144.9573539)"
2017,103,100160,100160,196-200 A'Beckett Street,Melbourne (CBD),Nomads Industry Backpackers,200,"(-37.80998494, 144.9574447)"
2017,42,105392,105392,120-138 King Street,Melbourne (CBD),El Coco,500,"(-37.81703156, 144.9564078)"
2017,78,103618,103618,242-284 Exhibition Street,Melbourne (CBD),Coopers Inn,400,"(-37.80941489, 144.9699756)"
2017,2530,616160,616160,265-271 Racecourse Road,Kensington,The Quiet Man Irishman  Pub,400,"(-37.78860982, 144.9323559)"
2017,48,101113,101113,59-63 Bourke Street,Melbourne (CBD),Club Asuka,150,"(-37.81212537, 144.9715659)"
2017,12,104824,104824,11A Highlander Lane,Melbourne (CBD),Highlander Bar,202,"(-37.81970334, 144.9579702)"
2017,85,109302,109302,281-287 Swanston Street,Melbourne (CBD),Mui Karaoke,243,"(-37.81143223, 144.9643593)"
2017,67,102199,102199,16-20 Corrs Lane,Melbourne (CBD),House of Maximon / Berlin Bar,300,"(-37.81112914, 144.9683854)"
2017,327,102352,102352,171-173 Curzon Street,North Melbourne,Albion Hotel,100,"(-37.79889904, 144.9485505)"
2017,803,111175,110477,8 Whiteman Street,Southbank,The Atlantic/The Den /The Oyster Bar & Grill/ Fish & Chippery by The Atlantic,508,"(-37.82312164, 144.9586604)"
2017,51,108963,108963,672-696 Bourke Street,Melbourne (CBD),Mail Exchange Hotel,600,"(-37.81663038, 144.9535902)"
2017,218,106215,106215,298 Lygon Street,Carlton,Carlton Yacht Club Bar,46,"(-37.79998572, 144.9673764)"
2017,57,106433,106433,18-24 Market Lane,Melbourne (CBD),Ding Dong Lounge,300,"(-37.81175137, 144.9694031)"
2017,23,106436,106436,54-60 Market Street,Melbourne (CBD),Oak & Vine Bar,370,"(-37.81778076, 144.9608283)"
2017,64,104659,104659,67-73 Hardware Lane,Melbourne (CBD),The Mill,119,"(-37.81323451, 144.960908)"
2017,76,589841,105749,221 Little Lonsdale Street,Melbourne (CBD),Idarts Hive,100,"(-37.810658, 144.9657034)"
2017,17,103922,103922,95-101 Flinders Lane,Melbourne (CBD),Garden State Hotel,840,"(-37.81553247, 144.9711039)"
2017,14,103172,103172,31-39 Elizabeth Street,Melbourne (CBD),The Joint Bar,329,"(-37.81741878, 144.9643316)"
2017,358,107887,107887,351-359 Queensberry Street,North Melbourne,Bobbie Peels,240,"(-37.80395618, 144.9559672)"
2017,61,105716,105716,597-603 Lonsdale Street,Melbourne (CBD),The Men's Gallery,675,"(-37.81491898, 144.9544951)"
2017,12,105401,105401,14-20 King Street,Melbourne (CBD),Spearmint Rhino Gentlemen's Club,660,"(-37.81977635, 144.9577148)"
2017,43,108068,108068,111-129 Queen Street,Melbourne (CBD),Blue Diamond,200,"(-37.81581152, 144.9606367)"
2017,85,102597,102597,2-20 Drewery Place,Melbourne (CBD),Baroq House,303,"(-37.81130304, 144.9639703)"
2017,67,108581,108581,226-236 Russell Street,Melbourne (CBD),Heartbreaker,170,"(-37.81098272, 144.9676444)"
2017,84,105449,105449,293-299 La Trobe Street,Melbourne (CBD),Burger Theory / The Hills Rooftop / The Tuxedo Cat,200,"(-37.81081439, 144.9605086)"
2017,33,108064,108064,85-91 Queen Street,Melbourne (CBD),Melbourne Black Rabbit,230,"(-37.81649711, 144.9610213)"
2017,17,103928,103928,133-135 Flinders Lane,Melbourne (CBD),Meatball & Wine Bar,110,"(-37.81573536, 144.9701585)"
2017,36,102152,102152,162-168 Collins Street,Melbourne (CBD),The Long Room,620,"(-37.81450301, 144.9678476)"
2017,345,103393,103393,7 Errol Street,North Melbourne,Joe Taylor,60,"(-37.80479755, 144.9490127)"
2017,66,109436,109436,27-29 Tattersalls Lane,Melbourne (CBD),Section 8 Bar,100,"(-37.81176167, 144.9653899)"
2017,17,103925,103925,121-123 Flinders Lane,Melbourne (CBD),Sake Restaurant and Bar,350,"(-37.81567009, 144.9705132)"
2017,115,104103,104103,34-38 Franklin Street,Melbourne (CBD),Captain Melville,355,"(-37.80752292, 144.9616126)"
2017,1109,601809,593728,425-427 Docklands Drive,Docklands,Waterfront Venues,"1,059","(-37.81517782, 144.9390269)"
2017,11,103984,103984,566-580 Flinders Street,Melbourne (CBD),UBar,98,"(-37.82072034, 144.9553465)"
2017,24,103174,103174,55-57 Elizabeth Street,Melbourne (CBD),Fiftyfive,88,"(-37.81697242, 144.9641302)"
2017,58,101238,101238,2-8 Bourke Street,Melbourne (CBD),Imperial Hotel,894,"(-37.8112003, 144.972676)"
2017,377,102236,102236,56-58 Courtney Street,North Melbourne,The Castle Hotel,317,"(-37.8008985, 144.953035)"
2017,85,102596,102596,22 Drewery Place,Melbourne (CBD),Sister Bellas,80,"(-37.81135, 144.9638158)"
2017,66,108547,108547,199-203 Russell Street,Melbourne (CBD),Exford Hotel,300,"(-37.81179179, 144.9673406)"
2017,218,106222,106222,270-276 Lygon Street,Carlton,University Hotel,111,"(-37.8005263, 144.9672432)"
2017,25,101789,101789,252-254 Flinders Lane,Melbourne (CBD),Hell's Kitchen,55,"(-37.8166033, 144.9655966)"
2017,1105,628712,628712,717-731 Collins Street,Docklands,Bar Nicional,75,"(-37.82068699, 144.9500934)"
2017,33,102124,102124,430-442 Collins Street,Melbourne (CBD),The Mug House,80,"(-37.81703239, 144.9597623)"
2017,1108,604125,604125,143-175 Harbour Esplanade,Docklands,Alumbra,690,"(-37.8165193, 144.9435654)"
2017,1103,558180,558180,122-148 Harbour Esplanade,Docklands,E J Whitten Bar,70,"(-37.81656591, 144.9475776)"
2017,46,105963,105963,196-212 Little Collins Street,Melbourne (CBD),Hairy Canary,50,"(-37.81384227, 144.9671568)"
2017,14,103950,103950,335-339 Flinders Lane,Melbourne (CBD),Bartronica,200,"(-37.81784765, 144.9632258)"
2017,266,106081,106081,27-31 Lygon Street,Carlton,The Curtin,350,"(-37.80619915, 144.9656988)"
2017,48,101109,101109,39-43 Bourke Street,Melbourne (CBD),Spleen Central,100,"(-37.81193572, 144.9720472)"
2017,16,103938,103938,187 Flinders Lane,Melbourne (CBD),The Adelphi Hotel,80,"(-37.81635789, 144.9683751)"
2017,204,101613,101613,377-391 Cardigan Street,Carlton,Clyde Hotel,239,"(-37.79725532, 144.9657541)"
2017,358,109829,109829,312-316 Victoria Street,North Melbourne,Victoria Hotel,130,"(-37.80563237, 144.9557051)"
2017,14,101099,101099,16-26 Bond Street,Melbourne (CBD),Bond Melbourne,500,"(-37.81814578, 144.9630575)"
2017,11,103993,103993,508-514 Flinders Street,Melbourne (CBD),Waterside Hotel,983,"(-37.820166, 144.9571505)"
2017,23,102099,102099,419-429 Collins Street,Melbourne (CBD),Ms Collins,850,"(-37.81752882, 144.9606531)"
2017,752,108653,110733,100 St Kilda Road,Southbank,the Barre,300,"(-37.82094188, 144.9682264)"
2017,66,105878,105878,242-244 Little Bourke Street,Melbourne (CBD),Shanghai Club,209,"(-37.81213633, 144.965603)"
2017,65,105875,105875,318-322 Little Bourke Street,Melbourne (CBD),Penny Blue,85,"(-37.81292437, 144.9631276)"
2017,57,101212,101212,152-158 Bourke Street,Melbourne (CBD),Charltons Entertainment Complex / Roxanne Bar,"1,500","(-37.81206119, 144.9685359)"
2017,808,110385,110385,174-184 City Road,Southbank,Rumour Restaurant Bar & Lounge,100,"(-37.82382188, 144.9618918)"
2017,375,103809,103809,1-3 Flemington Road,North Melbourne,Turf Club Hotel,629,"(-37.80130394, 144.9563792)"
2017,35,105919,105919,267 Little Collins Street,Melbourne (CBD),Bar Americano,10,"(-37.81483458, 144.9656034)"
2017,85,105746,105746,183-265 La Trobe Street,Melbourne (CBD),Partyworld,500,"(-37.81073331, 144.9630189)"
2017,1110,620312,593737,23-37 Star Crescent,Docklands,Harbour Town Hotel,498,"(-37.81315031, 144.9378299)"
2017,96,606638,105490,124 La Trobe Street,Melbourne (CBD),Pearson and Murph'y Cafe,156,"(-37.80818365, 144.9645504)"
2017,55,101193,101193,338-352 Bourke Street,Melbourne (CBD),Alto Events,400,"(-37.81360425, 144.9632879)"
2017,17,103921,103921,91-93 Flinders Lane,Melbourne (CBD),Papa Goose / Mary Fortune Cocktail Bar,440,"(-37.81543506, 144.9712228)"
2017,207,106153,106153,331-335 Lygon Street,Carlton,Wolfs Lair,80,"(-37.7975082, 144.9671779)"
2017,66,109952,109952,7-9 Waratah Place,Melbourne (CBD),Manchuria,80,"(-37.81162502, 144.9669911)"
2017,57,101217,101217,124-128 Bourke Street,Melbourne (CBD),Welcome Stranger,350,"(-37.81207094, 144.9692645)"
2017,2530,616125,616125,25-27 Rankins Road,Kensington,Flemington & Kensington RSL Club,90,"(-37.78932218, 144.9321953)"
2017,64,515538,515538,4-6 Goldie Place,Melbourne (CBD),Paris Cat Jazz Club,120,"(-37.81351769, 144.9608287)"
2017,37,102158,102158,86-88 Collins Street,Melbourne (CBD),Collins Quarter,290,"(-37.81393777, 144.9705847)"
2017,52,592048,592048,188-202 King Street,Melbourne (CBD),La Di Da,458,"(-37.81551353, 144.9556244)"
2017,48,103626,103626,114-122 Exhibition Street,Melbourne (CBD),European Bier Cafe,550,"(-37.81285806, 144.9711999)"
2017,35,105919,105919,267 Little Collins Street,Melbourne (CBD),Polepole Bar,100,"(-37.81483458, 144.9656034)"
2017,361,109842,109842,240-248 Victoria Street,North Melbourne,Central Club Hotel,150,"(-37.80591439, 144.9581264)"
2017,64,104659,104659,67-73 Hardware Lane,Melbourne (CBD),Charlie's Bar,143,"(-37.81323451, 144.960908)"
2017,17,103924,103924,107-109 Flinders Lane,Melbourne (CBD),Jack & Bones,230,"(-37.81560645, 144.9708344)"
2017,55,109284,109284,191-205 Swanston Street,Melbourne (CBD),Cocoon Bar,200,"(-37.81309229, 144.9649993)"
2017,14,104003,104003,2-8 Queen Street,Melbourne (CBD),Candela Nuevo,300,"(-37.81858716, 144.9627098)"
2017,806,110343,640947,27-45 Whiteman Street,Southbank,Kingpin Bowling Crown / Playtime,347,"(-37.82559096, 144.9583432)"
2017,66,105691,105691,209-211 Lonsdale Street,Melbourne (CBD),Boilermaker House,180,"(-37.8114331, 144.9662609)"
2017,43,108068,108068,111-129 Queen Street,Melbourne (CBD),CitiClub On Queen Hotel,940,"(-37.81581152, 144.9606367)"
2017,61,105308,105308,203-207 King Street,Melbourne (CBD),Bar Humbug,30,"(-37.81538904, 144.9549691)"
2017,37,102158,102158,86-88 Collins Street,Melbourne (CBD),Ra,83,"(-37.81393777, 144.9705847)"
2017,131,108844,108844,1-5 Spencer Street,Docklands,Crown Plaza,60,"(-37.8226581, 144.9549939)"
2017,107,108561,108561,380-388 Russell Street,Melbourne (CBD),Blue Moon Bar,170,"(-37.80749583, 144.9660836)"
2017,1103,558180,558180,122-148 Harbour Esplanade,Docklands,Locker Room Club Bar,500,"(-37.81656591, 144.9475776)"
2017,87,106057,106057,106 Little Lonsdale Street,Melbourne (CBD),Troika Bar,60,"(-37.8091536, 144.96859)"
2017,228,101450,101450,223-227 Canning Street,Carlton,Dan O'Connell Hotel,100,"(-37.79303229, 144.9733817)"
2017,803,111175,110477,8 Whiteman Street,Southbank,Co,560,"(-37.82312164, 144.9586604)"
2017,67,102200,102200,12-14 Corrs Lane,Melbourne (CBD),Fad Gallery,80,"(-37.81123016, 144.9684328)"
2017,14,103947,103947,317-323 Flinders Lane,Melbourne (CBD),Sebel Melbourne - Flinders Lane,60,"(-37.81771479, 144.9637238)"
2017,270,664626,104468,230 Grattan Street,Parkville,HJC Bar,200,"(-37.79739836, 144.9612468)"
2017,87,101023,101023,25 Bennetts Lane,Melbourne (CBD),Bennetts Lane Jazz Club,300,"(-37.80889245, 144.967558)"
2017,1103,558180,558180,122-148 Harbour Esplanade,Docklands,Legends Bar,250,"(-37.81656591, 144.9475776)"
2017,43,108068,108068,111-129 Queen Street,Melbourne (CBD),Karstens At CQ,170,"(-37.81581152, 144.9606367)"
2017,803,111175,110477,8 Whiteman Street,Southbank,Crown Entertainment Complex,320,"(-37.82312164, 144.9586604)"
2017,613,595153,109643,166 Albert Street,East Melbourne,Cohen Cellars Wine Bar,40,"(-37.81004657, 144.9856254)"
2017,6,578327,573333,2 Swanston Street,Melbourne (CBD),Zinc at Federation Square,"1,000","(-37.81784465, 144.9699175)"
2017,97,105493,105493,52 La Trobe Street,Melbourne (CBD),Karaoke Box,300,"(-37.80828608, 144.9672465)"
2017,56,101202,101202,206-218 Bourke Street,Melbourne (CBD),Rainbow Karaoke,400,"(-37.81259409, 144.9668768)"
2017,46,108537,108537,131-141 Russell Street,Melbourne (CBD),QT Melbourne,185,"(-37.81342885, 144.967831)"
2017,419,108876,108876,573-579 Spencer Street,West Melbourne (Residential),McMahons,160,"(-37.80740767, 144.9469867)"
2017,74,108103,108103,244-250 Queen Street,Melbourne (CBD),Bar 420,200,"(-37.81269018, 144.959964)"
2017,66,109392,109392,248-258 Swanston Street,Melbourne (CBD),The Toff In Town,342,"(-37.81199559, 144.9652504)"
2017,804,110542,110484,20-30 Convention Centre Place,Southbank,Aerial Events,900,"(-37.82539976, 144.9523782)"
2017,76,589841,105749,221 Little Lonsdale Street,Melbourne (CBD),Strike Bowling,370,"(-37.810658, 144.9657034)"
2017,66,105694,105694,233-237 Lonsdale Street,Melbourne (CBD),The Emerald Peacock,300,"(-37.81158031, 144.9655481)"
2017,4,104034,104034,207-361 Flinders Street,Melbourne (CBD),Clocks At Flinders Street Station,300,"(-37.81866105, 144.9654659)"
2017,730,110473,110473,65-73 Haig Street,Southbank,The Backlot Studios,78,"(-37.82791506, 144.95658)"
2017,15,109257,109257,1-7 Swanston Street,Melbourne (CBD),Young & Jacksons,470,"(-37.817356, 144.967023)"
2017,12,103994,103994,502-504 Flinders Street,Melbourne (CBD),Insignia on Flinders,100,"(-37.82005619, 144.9576571)"
2017,66,109390,109390,264-266 Swanston Street,Melbourne (CBD),Goldilocks,300,"(-37.81181063, 144.9651474)"
2017,6,578324,573333,2 Swanston Street,Melbourne (CBD),Transit Rooftop Bar,200,"(-37.81784465, 144.9699175)"
2017,267,106251,106251,66-88 Lygon Street,Carlton,Lagers On Lygon,80,"(-37.80530329, 144.9665747)"
2017,105,109318,109318,427-457 Swanston Street,Melbourne (CBD),The Oxford Scholar Hotel,486,"(-37.80826292, 144.9626932)"
2017,252,106244,106244,160-162 Lygon Street,Carlton,Vodka Temple,200,"(-37.80344164, 144.9667699)"
2017,16,104020,104020,150-162 Flinders Street,Melbourne (CBD),Forum Theatre Bar,"1,500","(-37.81648541, 144.9693866)"
2017,46,105964,105964,188-194 Little Collins Street,Melbourne (CBD),Gin Palace,150,"(-37.81390779, 144.9675807)"
2017,347,110920,110920,161-163 Errol Street,North Melbourne,Limerick Castle Hotel & Restaurant,50,"(-37.80114341, 144.9496139)"
2017,33,108067,108067,103-105 Queen Street,Melbourne (CBD),Chaise Lounge,140,"(-37.81614776, 144.9608476)"
2017,861,102503,102503,161-173 Domain Road,South Yarra,Botanical Hotel,245,"(-37.83431735, 144.9816996)"
2017,72,110106,110106,263-267 William Street,Melbourne (CBD),Metropolitan Hotel,300,"(-37.81292397, 144.9565837)"
2017,14,103165,103165,1-5 Elizabeth Street,Melbourne (CBD),Dreams Gentlemen's Club,160,"(-37.81805666, 144.964608)"
2017,64,104376,104376,14-20 Goldie Place,Melbourne (CBD),Word,200,"(-37.81328585, 144.960731)"
2017,54,105852,105852,401-405 Little Bourke Street,Melbourne (CBD),The Apartment Restaurant Club Lounge,250,"(-37.81403196, 144.9610348)"
2017,66,109392,109392,248-258 Swanston Street,Melbourne (CBD),Mesa Verde,175,"(-37.81199559, 144.9652504)"
2017,56,101202,101202,206-218 Bourke Street,Melbourne (CBD),VS Sports Bar,80,"(-37.81259409, 144.9668768)"
2017,56,108538,108538,163-169 Russell Street,Melbourne (CBD),Eden Bar,350,"(-37.81246709, 144.9676479)"
2017,84,106037,106037,324-328 Little Lonsdale Street,Melbourne (CBD),Alchemist's Refuge,60,"(-37.81167474, 144.9599402)"
2017,435,107481,107481,65-67 Peel Street,West Melbourne (Residential),The Drunken Poet Pty Ltd,50,"(-37.80666721, 144.955498)"
2017,375,103810,103810,5-17 Flemington Road,North Melbourne,RMIT Village Melbourne,356,"(-37.80140031, 144.9558713)"
2017,95,109314,109314,401-405 Swanston Street,Melbourne (CBD),Red Love Bar Musicroom,360,"(-37.80904283, 144.963217)"
2017,215,108202,108202,415-421 Rathdowne Street,Carlton,The Beaufort,50,"(-37.79652005, 144.9704262)"
2017,14,103951,103951,341-347 Flinders Lane,Melbourne (CBD),Bull And Bear Tavern,415,"(-37.81782313, 144.9630313)"
2017,55,101194,101194,314-336 Bourke Street,Melbourne (CBD),Mural Hall,900,"(-37.81344503, 144.9638295)"
2017,508,100820,100820,38-44 Barrett Street,Kensington,Henry St Brewhouse,75,"(-37.79811158, 144.9343238)"
2017,807,108054,108054,40-56 Queens Bridge Street,Southbank,Mesh/Tonic Bar,300,"(-37.8238538, 144.9597768)"
2017,27,541562,102071,121-131 Collins Street,Melbourne (CBD),RU-CO,400,"(-37.81516811, 144.9698467)"
2017,803,111175,110477,8 Whiteman Street,Southbank,Atrium Bar,100,"(-37.82312164, 144.9586604)"
2017,804,110542,110484,20-30 Convention Centre Place,Southbank,West Village NYC,150,"(-37.82539976, 144.9523782)"
2017,74,106018,106018,395-397 Little Lonsdale Street,Melbourne (CBD),Horse Bazaar,158,"(-37.81190077, 144.9602499)"
2017,43,101154,101154,483-501 Bourke Street,Melbourne (CBD),RACV City Club,410,"(-37.81587957, 144.9595925)"
2017,43,108069,108069,131-141 Queen Street,Melbourne (CBD),The Turf Bar & Restaurant,527,"(-37.81549904, 144.9605409)"
2017,33,100727,100727,5-9 Bank Place,Melbourne (CBD),Mitre Tavern,300,"(-37.81680457, 144.9603112)"
2017,74,106017,106017,391-393 Little Lonsdale Street,Melbourne (CBD),La La Land,175,"(-37.81187439, 144.9603411)"
2017,53,110145,110145,170-176 William Street,Melbourne (CBD),Cafe Lavita On William,50,"(-37.81492637, 144.9582309)"
2017,87,106059,106059,100 Little Lonsdale Street,Melbourne (CBD),Gami Chicken and Beer,73,"(-37.80913623, 144.9687195)"
2017,58,105657,105657,21 Liverpool Street,Melbourne (CBD),Double Happiness Bar / New Gold Mountain,164,"(-37.81118056, 144.9712639)"
2017,16,103938,103938,187 Flinders Lane,Melbourne (CBD),Mon Bijou,180,"(-37.81635789, 144.9683751)"
2017,104,103219,103219,413-417 Elizabeth Street,Melbourne (CBD),Workshop,230,"(-37.80918797, 144.9605226)"
2017,66,109392,109392,248-258 Swanston Street,Melbourne (CBD),Cookie,300,"(-37.81199559, 144.9652504)"
2017,57,101218,101218,118-122 Bourke Street,Melbourne (CBD),Fireflies Club,72,"(-37.81207418, 144.969548)"
2017,67,102199,102199,16-20 Corrs Lane,Melbourne (CBD),Euro House / Pulp Club,200,"(-37.81112914, 144.9683854)"
2017,103,104086,104086,211-213 Franklin Street,Melbourne (CBD),Island Somewhere,120,"(-37.8097181, 144.957829)"
2017,345,103402,103402,33 Errol Street,North Melbourne,Townhall Hotel North Melbourne,80,"(-37.80414139, 144.9489068)"
2017,17,103926,103926,125-127 Flinders Lane,Melbourne (CBD),GoGo Bar,300,"(-37.81568875, 144.9703998)"
2017,23,102098,102098,415-417 Collins Street,Melbourne (CBD),The Sherlock Holmes Inn,131,"(-37.81746814, 144.9608681)"
2017,362,109843,109843,232-238 Victoria Street,North Melbourne,The Public Bar,180,"(-37.80593327, 144.9585875)"
2017,658,110266,110266,120 Brunton Avenue,East Melbourne,Spotless Services,"2,800","(-37.81992883, 144.9832828)"
2017,85,105746,105746,183-265 La Trobe Street,Melbourne (CBD),Melbourne Central Lion Hotel,550,"(-37.81073331, 144.9630189)"
2017,67,102198,102198,22-26 Corrs Lane,Melbourne (CBD),Gr8 Bar,50,"(-37.8109979, 144.9683249)"
2017,35,102141,102141,280-292 Collins Street,Melbourne (CBD),The Charles Dickens Tavern,450,"(-37.81567229, 144.9645574)"
2017,57,101214,101214,146-150 Bourke Street,Melbourne (CBD),FM Karaoke Bar,100,"(-37.81235798, 144.9687387)"
2017,46,111394,111394,16-30 Russell Place,Melbourne (CBD),Bar Ampere,60,"(-37.81355434, 144.9674275)"
2017,17,103592,103592,11-37 Exhibition Street,Melbourne (CBD),The Fair Trader Cafe,118,"(-37.81546152, 144.9717262)"
2017,247,106238,106238,192-202 Lygon Street,Carlton,Players On Lygon,200,"(-37.80245924, 144.9670522)"
2017,33,105937,105937,435-443 Little Collins Street,Melbourne (CBD),Marrakech Bar,200,"(-37.81638558, 144.9600859)"
2017,63,105867,105867,428-432 Little Bourke Street,Melbourne (CBD),DANSK Restaurant,100,"(-37.81392392, 144.9597229)"
2017,33,110148,110148,98-110 William Street,Melbourne (CBD),The Australian Club,280,"(-37.81674542, 144.9591218)"
2017,66,108550,108550,213-217 Russell Street,Melbourne (CBD),Escape City,100,"(-37.81156167, 144.9672365)"
2017,11,108971,108971,561-585 Flinders Lane,Melbourne (CBD),Holiday Inn On Flinders Melbourne,100,"(-37.82020482, 144.9551524)"
2017,43,105954,105954,422-428 Little Collins Street,Melbourne (CBD),Little Red Pocket,200,"(-37.8159076, 144.960326)"
2017,66,105695,105695,239 Lonsdale Street,Melbourne (CBD),Ferdydurke,100,"(-37.81159495, 144.965378)"
2017,58,108986,108986,161 Spring Street,Melbourne (CBD),The European,703,"(-37.8109513, 144.9724291)"
2017,85,109302,109302,281-287 Swanston Street,Melbourne (CBD),Bornga,40,"(-37.81143223, 144.9643593)"
2017,803,111175,110477,8 Whiteman Street,Southbank,Velvet Bar,100,"(-37.82312164, 144.9586604)"
2017,62,105384,105384,204-208 King Street,Melbourne (CBD),Great Western Hotel,390,"(-37.81521196, 144.9554836)"
2017,803,597190,110477,8 Whiteman Street,Southbank,Club 23,450,"(-37.82312164, 144.9586604)"
2017,67,105673,105673,103-105 Lonsdale Street,Melbourne (CBD),Bomba Tapas Bar and Rooftop,145,"(-37.81049305, 144.9692541)"
2017,6,578324,573333,2 Swanston Street,Melbourne (CBD),Transport Hotel,600,"(-37.81784465, 144.9699175)"
2017,255,101593,101593,91-95 Cardigan Street,Carlton,Hotel Lincoln,154,"(-37.80448528, 144.9645057)"
2017,87,108567,108567,300 Russell Street,Melbourne (CBD),Jankara Karaoke,80,"(-37.80951668, 144.966904)"
2017,801,110335,110335,1-9 Southbank Boulevard,Southbank,Left Bank Melbourne,400,"(-37.8210403, 144.9628914)"
2017,1104,576024,576023,747-757 Bourke Street,Docklands,The Nixon Hotel,300,"(-37.81925128, 144.9479753)"
2017,803,111175,110477,8 Whiteman Street,Southbank,The Waiting Room,120,"(-37.82312164, 144.9586604)"
2017,77,108573,108573,270 Russell Street,Melbourne (CBD),Whisky and Alement,90,"(-37.81011116, 144.9671591)"
2017,85,109304,109304,301-303 Swanston Street,Melbourne (CBD),Sahara Restaurant,140,"(-37.81107765, 144.9641938)"
2017,85,105746,105746,183-265 La Trobe Street,Melbourne (CBD),Hoyts,300,"(-37.81073331, 144.9630189)"
2017,27,102064,102064,69-73 Collins Street,Melbourne (CBD),Harley House,210,"(-37.8143446, 144.9713489)"
2017,803,111175,110477,8 Whiteman Street,Southbank,Therapy,600,"(-37.82312164, 144.9586604)"
2017,41,105948,105948,582-584 Little Collins Street,Melbourne (CBD),Saint & Rogue,300,"(-37.81740928, 144.9553525)"
2017,35,558610,558610,256 Collins Street,Melbourne (CBD),The Butterfly Club,190,"(-37.81552514, 144.9652914)"
2017,85,105746,105746,183-265 La Trobe Street,Melbourne (CBD),Equinox Bar Restaurant,80,"(-37.81073331, 144.9630189)"
2017,74,104662,104662,106-112 Hardware Street,Melbourne (CBD),Nieuw Amsterdam,200,"(-37.81213605, 144.9606805)"
2017,268,108154,108153,49 Rathdowne Street,Carlton,Epocha Restaurant,124,"(-37.80578725, 144.9685944)"
2017,104,104085,104085,167-175 Franklin Street,Melbourne (CBD),Disco Bar,200,"(-37.80895967, 144.9591538)"
2017,33,100730,100730,12-16 Bank Place,Melbourne (CBD),Melbourne Savage Club,90,"(-37.81654467, 144.9605765)"
